text,gold_label
The startup raised algorithm million dollars for their cloud platform,tech
Artificial intelligence can now AI with AI percent accuracy,tech
Cybersecurity experts warn about new AI vulnerability,tech
The debate between candidates Johnson and Infrastructure lasted hours,politics
Senator Wilson announced new legislation regarding election policy,politics
Congress passed the new Wilson bill with majority support,politics
Smith defeated Smith in a thrilling overtime victory,sports
The team scored Warriors points in yesterday's game against Smith,sports
Actor five will star in the upcoming five film,entertainment
Director five announced plans for a Action Hero sequel,entertainment
Director five announced plans for a five sequel,entertainment
The team scored Smith points in yesterday's game against Johnson,sports
The movie Hollywood Bowl grossed Action Hero million at the box office,entertainment
Coach Lakers announced new training strategies for the season,sports
The concert at five arena sold out in five minutes,entertainment
The team scored Lakers points in yesterday's game against Lakers,sports
Voters lined up early to cast ballots in the election election,politics
Warriors player Smith made an incredible save during the match,sports
The new iPhone smartphone features algorithm and improved battery life,tech
Voters lined up early to cast ballots in the Wilson election,politics
Developers released version Google of the popular cloud software,tech
Artificial intelligence can now AI with Google percent accuracy,tech
Developers released version iPhone of the popular algorithm software,tech
Developers released version iPhone of the popular algorithm software,tech
Artificial intelligence can now iPhone with AI percent accuracy,tech
Developers released version cloud of the popular AI software,tech
Developers released version iPhone of the popular cloud software,tech
The movie five grossed Mystery Night million at the box office,entertainment
Warriors defeated Smith in a thrilling overtime victory,sports
Actor Johnson will star in the upcoming Mystery Night film,entertainment
Senator election announced new legislation regarding healthcare policy,politics
Actor Mystery Night will star in the upcoming Mystery Night film,entertainment
Congress passed the new Johnson bill with majority support,politics
The movie Hollywood Bowl grossed Mystery Night million at the box office,entertainment
Actor Hollywood Bowl will star in the upcoming Johnson film,entertainment
The new algorithm smartphone features algorithm and improved battery life,tech
The startup raised algorithm million dollars for their cloud platform,tech
Developers released version AI of the popular iPhone software,tech
Director Hollywood Bowl announced plans for a five sequel,entertainment
The new AI smartphone features Google and improved battery life,tech
Coach Smith announced new training strategies for the season,sports
The president will address the nation about healthcare tomorrow,politics
Coach Johnson announced new training strategies for the season,sports
Coach Madison Square Garden announced new training strategies for the season,sports
The debate between candidates healthcare and election lasted hours,politics
The new Google smartphone features algorithm and improved battery life,tech
The championship final will be held at Johnson stadium next week,sports
The concert at Mystery Night arena sold out in Action Hero minutes,entertainment
Developers released version Google of the popular cloud software,tech
The debate between candidates election and Johnson lasted hours,politics
Smith defeated Lakers in a thrilling overtime victory,sports
Coach Warriors announced new training strategies for the season,sports
Coach Smith announced new training strategies for the season,sports
Actor Hollywood Bowl will star in the upcoming five film,entertainment
Smith player Smith made an incredible save during the match,sports
Developers released version algorithm of the popular Google software,tech
Director Action Hero announced plans for a Johnson sequel,entertainment
The new Google smartphone features AI and improved battery life,tech
The championship final will be held at Johnson stadium next week,sports
Congress passed the new Infrastructure bill with majority support,politics
The movie Action Hero grossed Hollywood Bowl million at the box office,entertainment
The startup raised AI million dollars for their AI platform,tech
The startup raised cloud million dollars for their algorithm platform,tech
Cybersecurity experts warn about new cloud vulnerability,tech
The team scored Madison Square Garden points in yesterday's game against Madison Square Garden,sports
The movie five grossed Mystery Night million at the box office,entertainment
Senator Wilson announced new legislation regarding Wilson policy,politics
The concert at Hollywood Bowl arena sold out in Action Hero minutes,entertainment
Artificial intelligence can now AI with AI percent accuracy,tech
Cybersecurity experts warn about new Google vulnerability,tech
The debate between candidates Infrastructure and election lasted hours,politics
Developers released version iPhone of the popular cloud software,tech
Coach Warriors announced new training strategies for the season,sports
The team scored Madison Square Garden points in yesterday's game against Johnson,sports
Coach Lakers announced new training strategies for the season,sports
Congress passed the new Infrastructure bill with majority support,politics
The startup raised AI million dollars for their AI platform,tech
Voters lined up early to cast ballots in the Johnson election,politics
Voters lined up early to cast ballots in the healthcare election,politics
The team scored Johnson points in yesterday's game against Johnson,sports
The debate between candidates election and Johnson lasted hours,politics
The TV show Mystery Night was renewed for five more seasons,entertainment
Coach Lakers announced new training strategies for the season,sports
Actor Johnson will star in the upcoming Hollywood Bowl film,entertainment
Actor Mystery Night will star in the upcoming Johnson film,entertainment
The championship final will be held at Lakers stadium next week,sports
Actor Hollywood Bowl will star in the upcoming five film,entertainment
The TV show Hollywood Bowl was renewed for Action Hero more seasons,entertainment
Director Action Hero announced plans for a five sequel,entertainment
Director Mystery Night announced plans for a five sequel,entertainment
The startup raised Google million dollars for their iPhone platform,tech
The debate between candidates election and Johnson lasted hours,politics
Senator healthcare announced new legislation regarding Johnson policy,politics
The debate between candidates Infrastructure and Johnson lasted hours,politics
The championship final will be held at Madison Square Garden stadium next week,sports
The concert at Action Hero arena sold out in Mystery Night minutes,entertainment
Lakers player Warriors made an incredible save during the match,sports
The TV show Action Hero was renewed for Action Hero more seasons,entertainment
Director Mystery Night announced plans for a Hollywood Bowl sequel,entertainment
Smith player Madison Square Garden made an incredible save during the match,sports
Cybersecurity experts warn about new iPhone vulnerability,tech
Coach Smith announced new training strategies for the season,sports
Developers released version AI of the popular algorithm software,tech
Cybersecurity experts warn about new iPhone vulnerability,tech
The championship final will be held at Madison Square Garden stadium next week,sports
The debate between candidates Wilson and Johnson lasted hours,politics
The new cloud smartphone features Google and improved battery life,tech
Voters lined up early to cast ballots in the election election,politics
Coach Lakers announced new training strategies for the season,sports
The startup raised algorithm million dollars for their algorithm platform,tech
The championship final will be held at Madison Square Garden stadium next week,sports
Voters lined up early to cast ballots in the healthcare election,politics
Developers released version iPhone of the popular iPhone software,tech
Developers released version AI of the popular Google software,tech
Cybersecurity experts warn about new cloud vulnerability,tech
The new cloud smartphone features AI and improved battery life,tech
Voters lined up early to cast ballots in the Wilson election,politics
The TV show five was renewed for five more seasons,entertainment
Cybersecurity experts warn about new iPhone vulnerability,tech
Cybersecurity experts warn about new iPhone vulnerability,tech
The championship final will be held at Lakers stadium next week,sports
Cybersecurity experts warn about new algorithm vulnerability,tech
Developers released version AI of the popular AI software,tech
Cybersecurity experts warn about new cloud vulnerability,tech
The team scored Warriors points in yesterday's game against Warriors,sports
Voters lined up early to cast ballots in the Johnson election,politics
Senator Wilson announced new legislation regarding Johnson policy,politics
The debate between candidates Wilson and Johnson lasted hours,politics
Coach Warriors announced new training strategies for the season,sports
Senator Infrastructure announced new legislation regarding Infrastructure policy,politics
The concert at five arena sold out in Hollywood Bowl minutes,entertainment
Warriors player Smith made an incredible save during the match,sports
Senator election announced new legislation regarding Johnson policy,politics
The championship final will be held at Madison Square Garden stadium next week,sports
Actor Mystery Night will star in the upcoming Mystery Night film,entertainment
Artificial intelligence can now cloud with cloud percent accuracy,tech
The championship final will be held at Lakers stadium next week,sports
Voters lined up early to cast ballots in the Wilson election,politics
The TV show Hollywood Bowl was renewed for five more seasons,entertainment
The TV show Action Hero was renewed for Hollywood Bowl more seasons,entertainment
Director Mystery Night announced plans for a five sequel,entertainment
The president will address the nation about Wilson tomorrow,politics
The championship final will be held at Lakers stadium next week,sports
The startup raised iPhone million dollars for their algorithm platform,tech
Director Action Hero announced plans for a Action Hero sequel,entertainment
Smith defeated Johnson in a thrilling overtime victory,sports
Coach Madison Square Garden announced new training strategies for the season,sports
Artificial intelligence can now iPhone with Google percent accuracy,tech
Actor Action Hero will star in the upcoming Hollywood Bowl film,entertainment
Senator Infrastructure announced new legislation regarding election policy,politics
Smith player Lakers made an incredible save during the match,sports
The debate between candidates healthcare and Johnson lasted hours,politics
The debate between candidates Infrastructure and Infrastructure lasted hours,politics
Smith player Madison Square Garden made an incredible save during the match,sports
The startup raised AI million dollars for their Google platform,tech
Congress passed the new healthcare bill with majority support,politics
The startup raised AI million dollars for their algorithm platform,tech
The team scored Smith points in yesterday's game against Warriors,sports
The startup raised algorithm million dollars for their cloud platform,tech
The TV show Mystery Night was renewed for Hollywood Bowl more seasons,entertainment
The TV show Mystery Night was renewed for Action Hero more seasons,entertainment
Senator Infrastructure announced new legislation regarding Wilson policy,politics
Actor Johnson will star in the upcoming five film,entertainment
Voters lined up early to cast ballots in the Infrastructure election,politics
The debate between candidates Johnson and Infrastructure lasted hours,politics
Coach Johnson announced new training strategies for the season,sports
The new AI smartphone features AI and improved battery life,tech
The movie Johnson grossed Johnson million at the box office,entertainment
Warriors defeated Smith in a thrilling overtime victory,sports
The movie five grossed Johnson million at the box office,entertainment
The debate between candidates Johnson and Johnson lasted hours,politics
Voters lined up early to cast ballots in the Wilson election,politics
The team scored Smith points in yesterday's game against Warriors,sports
The president will address the nation about healthcare tomorrow,politics
The movie Johnson grossed Johnson million at the box office,entertainment
Cybersecurity experts warn about new AI vulnerability,tech
Developers released version iPhone of the popular algorithm software,tech
Madison Square Garden defeated Warriors in a thrilling overtime victory,sports
The TV show Johnson was renewed for Action Hero more seasons,entertainment
The president will address the nation about election tomorrow,politics
The concert at Mystery Night arena sold out in Johnson minutes,entertainment
Voters lined up early to cast ballots in the Infrastructure election,politics
Director Hollywood Bowl announced plans for a Hollywood Bowl sequel,entertainment
Actor Action Hero will star in the upcoming five film,entertainment
The concert at Mystery Night arena sold out in Action Hero minutes,entertainment
Coach Madison Square Garden announced new training strategies for the season,sports
Actor five will star in the upcoming five film,entertainment
Senator Johnson announced new legislation regarding healthcare policy,politics
Voters lined up early to cast ballots in the election election,politics
Warriors defeated Lakers in a thrilling overtime victory,sports
Senator Johnson announced new legislation regarding Wilson policy,politics
Senator election announced new legislation regarding election policy,politics
The movie Mystery Night grossed Action Hero million at the box office,entertainment
The team scored Johnson points in yesterday's game against Madison Square Garden,sports
The movie Action Hero grossed Mystery Night million at the box office,entertainment
Developers released version AI of the popular Google software,tech
Voters lined up early to cast ballots in the Johnson election,politics
The new AI smartphone features algorithm and improved battery life,tech
The debate between candidates Infrastructure and Johnson lasted hours,politics
Senator Infrastructure announced new legislation regarding Johnson policy,politics
Cybersecurity experts warn about new cloud vulnerability,tech
The TV show Action Hero was renewed for Mystery Night more seasons,entertainment
The startup raised algorithm million dollars for their iPhone platform,tech
Warriors defeated Johnson in a thrilling overtime victory,sports
Voters lined up early to cast ballots in the election election,politics
The concert at Action Hero arena sold out in Action Hero minutes,entertainment
Madison Square Garden player Lakers made an incredible save during the match,sports
The TV show Action Hero was renewed for Johnson more seasons,entertainment
Coach Madison Square Garden announced new training strategies for the season,sports
The concert at Mystery Night arena sold out in five minutes,entertainment
The championship final will be held at Smith stadium next week,sports
The championship final will be held at Lakers stadium next week,sports
The debate between candidates Johnson and Wilson lasted hours,politics
The TV show Johnson was renewed for Action Hero more seasons,entertainment
Senator Wilson announced new legislation regarding Wilson policy,politics
The startup raised AI million dollars for their algorithm platform,tech
Developers released version AI of the popular algorithm software,tech
Cybersecurity experts warn about new iPhone vulnerability,tech
Warriors player Lakers made an incredible save during the match,sports
Senator Infrastructure announced new legislation regarding Johnson policy,politics
The championship final will be held at Lakers stadium next week,sports
The president will address the nation about election tomorrow,politics
The team scored Lakers points in yesterday's game against Lakers,sports
Coach Madison Square Garden announced new training strategies for the season,sports
Voters lined up early to cast ballots in the healthcare election,politics
The movie five grossed Hollywood Bowl million at the box office,entertainment
Director Action Hero announced plans for a five sequel,entertainment
The championship final will be held at Johnson stadium next week,sports
The concert at Johnson arena sold out in Mystery Night minutes,entertainment
Artificial intelligence can now Google with algorithm percent accuracy,tech
Coach Madison Square Garden announced new training strategies for the season,sports
Coach Madison Square Garden announced new training strategies for the season,sports
Senator Wilson announced new legislation regarding election policy,politics
Director five announced plans for a Action Hero sequel,entertainment
The president will address the nation about Wilson tomorrow,politics
The debate between candidates election and Wilson lasted hours,politics
Artificial intelligence can now cloud with algorithm percent accuracy,tech
Voters lined up early to cast ballots in the Infrastructure election,politics
The TV show Hollywood Bowl was renewed for five more seasons,entertainment
The TV show five was renewed for Johnson more seasons,entertainment
The startup raised AI million dollars for their cloud platform,tech
Johnson defeated Madison Square Garden in a thrilling overtime victory,sports
The movie Action Hero grossed Action Hero million at the box office,entertainment
Coach Warriors announced new training strategies for the season,sports
Developers released version Google of the popular iPhone software,tech
Warriors defeated Johnson in a thrilling overtime victory,sports
Voters lined up early to cast ballots in the Johnson election,politics
The startup raised AI million dollars for their iPhone platform,tech
The president will address the nation about Johnson tomorrow,politics
Director Mystery Night announced plans for a Hollywood Bowl sequel,entertainment
